<?xml version='1.0' encoding='UTF-8'?>
<?artifactRepository version='1.1.0'?>
<repository name='Bundle pool' type='org.eclipse.equinox.p2.artifact.repository.simpleRepository' version='1'>
  <properties size='2'>
    <property name='p2.system' value='true'/>
    <property name='p2.timestamp' value='1340538675566'/>
  </properties>
  <mappings size='3'>
    <rule filter='(&amp; (classifier=osgi.bundle))' output='${repoUrl}/plugins/${id}_${version}.jar'/>
    <rule filter='(&amp; (classifier=binary))' output='${repoUrl}/binary/${id}_${version}'/>
    <rule filter='(&amp; (classifier=org.eclipse.update.feature))' output='${repoUrl}/features/${id}_${version}.jar'/>
  </mappings>
  <artifacts size='108'>
    <artifact classifier='osgi.bundle' id='org.eclipse.ui.ide.application' version='1.0.300.I20110306-2000'>
      <properties size='1'>
        <property name='download.size' value='65150'/>
      </properties>
    </artifact>
    <artifact classifier='osgi.bundle' id='org.eclipse.core.runtime.compatibility.registry' version='3.5.0.v20110505'>
      <properties size='1'>
        <property name='download.size' value='16898'/>
      </properties>
      <repositoryProperties size='1'>
        <property name='artifact.folder' value='true'/>
      </repositoryProperties>
    </artifact>
    <artifact classifier='osgi.bundle' id='org.eclipse.emf.ecore' version='2.7.0.v20120127-1122'>
      <properties size='1'>
        <property name='download.size' value='1108017'/>
      </properties>
    </artifact>
    <artifact classifier='osgi.bundle' id='org.eclipse.core.jobs' version='3.5.101.v20120113-1953'>
      <properties size='1'>
        <property name='download.size' value='91069'/>
      </properties>
    </artifact>
    <artifact classifier='osgi.bundle' id='com.ibm.icu' version='4.4.2.v20110823'>
      <properties size='1'>
        <property name='download.size' value='6701203'/>
      </properties>
    </artifact>
    <artifact classifier='osgi.bundle' id='org.hamcrest.core' version='1.1.0.v20090501071000'>
      <properties size='1'>
        <property name='download.size' value='27827'/>
      </properties>
    </artifact>
    <artifact classifier='osgi.bundle' id='org.eclipse.emf.ecp.validation' version='0.9.1.v20120624-1149'>
      <properties size='1'>
        <property name='download.size' value='51478'/>
      </properties>
    </artifact>
    <artifact classifier='osgi.bundle' id='org.eclipse.equinox.p2.core' version='2.1.1.v20120113-1346'>
      <properties size='1'>
        <property name='download.size' value='71555'/>
      </properties>
    </artifact>
    <artifact classifier='osgi.bundle' id='org.eclipse.emf.ecore.edit' version='2.7.1.v20120130-0943'>
      <properties size='1'>
        <property name='download.size' value='125430'/>
      </properties>
    </artifact>
    <artifact classifier='osgi.bundle' id='org.junit4' version='4.8.1.v20100525'>
      <properties size='1'>
        <property name='download.size' value='6023'/>
      </properties>
      <repositoryProperties size='1'>
        <property name='artifact.folder' value='true'/>
      </repositoryProperties>
    </artifact>
    <artifact classifier='osgi.bundle' id='org.eclipse.ant.core' version='3.2.302.v20120110-1739'>
      <properties size='1'>
        <property name='download.size' value='97869'/>
      </properties>
    </artifact>
    <artifact classifier='osgi.bundle' id='javax.servlet' version='2.5.0.v201103041518'>
      <properties size='1'>
        <property name='download.size' value='119303'/>
      </properties>
    </artifact>
    <artifact classifier='osgi.bundle' id='org.eclipse.emf.databinding.edit' version='1.2.0.v20120130-0943'>
      <properties size='1'>
        <property name='download.size' value='49452'/>
      </properties>
    </artifact>
    <artifact classifier='osgi.bundle' id='org.h2' version='1.1.117.v201105142352'>
      <properties size='1'>
        <property name='download.size' value='1199218'/>
      </properties>
    </artifact>
    <artifact classifier='osgi.bundle' id='org.eclipse.emf.ecp.common.model' version='0.9.1.v20120624-1149'>
      <properties size='1'>
        <property name='download.size' value='46795'/>
      </properties>
    </artifact>
    <artifact classifier='osgi.bundle' id='org.eclipse.emf.workspace' version='1.5.1.v20110823-1800'>
      <properties size='1'>
        <property name='download.size' value='77901'/>
      </properties>
    </artifact>
    <artifact classifier='osgi.bundle' id='org.eclipse.core.filebuffers' version='3.5.200.v20110928-1504'>
      <properties size='1'>
        <property name='download.size' value='113471'/>
      </properties>
    </artifact>
    <artifact classifier='osgi.bundle' id='org.eclipse.egit' version='1.3.0.201202151440-r'>
      <properties size='1'>
        <property name='download.size' value='9837'/>
      </properties>
    </artifact>
    <artifact classifier='osgi.bundle' id='org.eclipse.emf.cdo' version='4.0.1.v20120214-1021'>
      <properties size='1'>
        <property name='download.size' value='594880'/>
      </properties>
    </artifact>
    <artifact classifier='osgi.bundle' id='org.eclipse.emf.ecore.change' version='2.7.1.v20120127-1122'>
      <properties size='1'>
        <property name='download.size' value='82009'/>
      </properties>
    </artifact>
    <artifact classifier='osgi.bundle' id='org.eclipse.emf.emfstore.common' version='0.9.1.v20120624-1149'>
      <properties size='1'>
        <property name='download.size' value='26919'/>
      </properties>
    </artifact>
    <artifact classifier='osgi.bundle' id='org.eclipse.emf.ecp.common.rcp' version='0.9.1.v20120624-1149'>
      <properties size='1'>
        <property name='download.size' value='3199'/>
      </properties>
    </artifact>
    <artifact classifier='osgi.bundle' id='org.eclipse.emf.ecore.xmi' version='2.7.0.v20120127-1122'>
      <properties size='1'>
        <property name='download.size' value='221209'/>
      </properties>
    </artifact>
    <artifact classifier='osgi.bundle' id='org.eclipse.core.resources.win32.x86' version='3.5.100.v20110423-0524'>
      <properties size='1'>
        <property name='download.size' value='17002'/>
      </properties>
    </artifact>
    <artifact classifier='osgi.bundle' id='org.eclipse.emf.transaction' version='1.4.0.v20100331-1738'>
      <properties size='1'>
        <property name='download.size' value='158696'/>
      </properties>
    </artifact>
    <artifact classifier='osgi.bundle' id='org.eclipse.emf.emfstore.common.model.edit' version='0.9.1.v20120624-1149'>
      <properties size='1'>
        <property name='download.size' value='38240'/>
      </properties>
    </artifact>
    <artifact classifier='osgi.bundle' id='org.eclipse.net4j.db.h2' version='4.0.0.v20110607-1031'>
      <properties size='1'>
        <property name='download.size' value='16416'/>
      </properties>
    </artifact>
    <artifact classifier='osgi.bundle' id='org.eclipse.osgi' version='3.7.2.v20120110-1415'>
      <properties size='1'>
        <property name='download.size' value='1364409'/>
      </properties>
    </artifact>
    <artifact classifier='osgi.bundle' id='org.eclipse.ui.workbench.texteditor' version='3.7.0.v20110928-1504'>
      <properties size='1'>
        <property name='download.size' value='581960'/>
      </properties>
    </artifact>
    <artifact classifier='osgi.bundle' id='org.eclipse.net4j.ui.shared' version='4.0.0.v20110516-1727'>
      <properties size='1'>
        <property name='download.size' value='73090'/>
      </properties>
    </artifact>
    <artifact classifier='osgi.bundle' id='org.eclipse.emf.common' version='2.7.0.v20120127-1122'>
      <properties size='1'>
        <property name='download.size' value='213371'/>
      </properties>
    </artifact>
    <artifact classifier='osgi.bundle' id='org.eclipse.jgit' version='1.3.0.201202151440-r'>
      <properties size='1'>
        <property name='download.size' value='1598848'/>
      </properties>
    </artifact>
    <artifact classifier='osgi.bundle' id='org.eclipse.net4j.db' version='4.0.0.v20111221-2122'>
      <properties size='1'>
        <property name='download.size' value='90731'/>
      </properties>
    </artifact>
    <artifact classifier='osgi.bundle' id='org.eclipse.equinox.common' version='3.6.0.v20110523'>
      <properties size='1'>
        <property name='download.size' value='105624'/>
      </properties>
    </artifact>
    <artifact classifier='osgi.bundle' id='org.eclipse.emf.ecp.editor' version='0.9.1.v20120624-1149'>
      <properties size='1'>
        <property name='download.size' value='195250'/>
      </properties>
    </artifact>
    <artifact classifier='osgi.bundle' id='org.eclipse.ui.win32' version='3.2.200.v20110928-1505'>
      <properties size='1'>
        <property name='download.size' value='24653'/>
      </properties>
    </artifact>
    <artifact classifier='osgi.bundle' id='org.eclipse.equinox.p2.repository' version='2.1.1.v20120113-1346'>
      <properties size='1'>
        <property name='download.size' value='127900'/>
      </properties>
    </artifact>
    <artifact classifier='osgi.bundle' id='org.eclipse.emf.emfstore.client.ui' version='0.9.1.v20120624-1149'>
      <properties size='1'>
        <property name='download.size' value='596058'/>
      </properties>
    </artifact>
    <artifact classifier='osgi.bundle' id='org.eclipse.ui.ide' version='3.7.0.v20110928-1505'>
      <properties size='1'>
        <property name='download.size' value='2339393'/>
      </properties>
    </artifact>
    <artifact classifier='osgi.bundle' id='org.eclipse.swt.win32.win32.x86' version='3.7.2.v3740f'>
      <properties size='1'>
        <property name='download.size' value='2617888'/>
      </properties>
    </artifact>
    <artifact classifier='osgi.bundle' id='org.eclipse.ui.views' version='3.6.0.v20110928-1505'>
      <properties size='1'>
        <property name='download.size' value='90155'/>
      </properties>
    </artifact>
    <artifact classifier='osgi.bundle' id='org.eclipse.emf.edit' version='2.7.2.v20120130-0943'>
      <properties size='1'>
        <property name='download.size' value='263397'/>
      </properties>
    </artifact>
    <artifact classifier='osgi.bundle' id='org.eclipse.equinox.p2.metadata' version='2.1.0.v20110815-1419'>
      <properties size='1'>
        <property name='download.size' value='339099'/>
      </properties>
    </artifact>
    <artifact classifier='osgi.bundle' id='org.eclipse.emf.edit.ui' version='2.7.0.v20120130-0943'>
      <properties size='1'>
        <property name='download.size' value='172906'/>
      </properties>
    </artifact>
    <artifact classifier='osgi.bundle' id='org.eclipse.equinox.launcher' version='1.2.0.v20110502'>
      <properties size='1'>
        <property name='download.size' value='47262'/>
      </properties>
    </artifact>
    <artifact classifier='osgi.bundle' id='org.eclipse.emf.emfstore.migration' version='0.9.1.v20120624-1149'>
      <properties size='1'>
        <property name='download.size' value='5757'/>
      </properties>
    </artifact>
    <artifact classifier='osgi.bundle' id='org.eclipse.equinox.app' version='1.3.100.v20110321'>
      <properties size='1'>
        <property name='download.size' value='85218'/>
      </properties>
    </artifact>
    <artifact classifier='osgi.bundle' id='org.eclipse.core.net' version='1.2.100.I20110511-0800'>
      <properties size='1'>
        <property name='download.size' value='69180'/>
      </properties>
    </artifact>
    <artifact classifier='osgi.bundle' id='org.eclipse.team.core' version='3.6.0.I20110525-0800'>
      <properties size='1'>
        <property name='download.size' value='393873'/>
      </properties>
    </artifact>
    <artifact classifier='osgi.bundle' id='org.eclipse.ui' version='3.7.0.v20110928-1505'>
      <properties size='1'>
        <property name='download.size' value='153179'/>
      </properties>
    </artifact>
    <artifact classifier='osgi.bundle' id='org.eclipse.emf.emfstore.examplemodel.edit' version='0.9.0'>
      <properties size='1'>
        <property name='download.size' value='22350'/>
      </properties>
    </artifact>
    <artifact classifier='osgi.bundle' id='org.eclipse.emf.emfstore.server.model' version='0.9.1.v20120624-1149'>
      <properties size='1'>
        <property name='download.size' value='301023'/>
      </properties>
    </artifact>
    <artifact classifier='osgi.bundle' id='org.eclipse.emf.emfstore.server.model.edit' version='0.9.1.v20120624-1149'>
      <properties size='1'>
        <property name='download.size' value='342852'/>
      </properties>
    </artifact>
    <artifact classifier='osgi.bundle' id='org.eclipse.emf.ecp.emfstorebridge' version='0.9.1.v20120624-1149'>
      <properties size='1'>
        <property name='download.size' value='33863'/>
      </properties>
    </artifact>
    <artifact classifier='osgi.bundle' id='org.eclipse.compare.core' version='3.5.200.I20110208-0800'>
      <properties size='1'>
        <property name='download.size' value='61780'/>
      </properties>
    </artifact>
    <artifact classifier='osgi.bundle' id='org.eclipse.osgi.services' version='3.3.0.v20110513'>
      <properties size='1'>
        <property name='download.size' value='71157'/>
      </properties>
    </artifact>
    <artifact classifier='osgi.bundle' id='org.eclipse.emf.common.ui' version='2.7.0.v20120130-0943'>
      <properties size='1'>
        <property name='download.size' value='129056'/>
      </properties>
    </artifact>
    <artifact classifier='osgi.bundle' id='org.eclipse.equinox.security' version='1.1.1.R37x_v20110822-1018'>
      <properties size='1'>
        <property name='download.size' value='106105'/>
      </properties>
    </artifact>
    <artifact classifier='osgi.bundle' id='org.eclipse.compare' version='3.5.202.R37x_v20111109-0800'>
      <properties size='1'>
        <property name='download.size' value='735048'/>
      </properties>
    </artifact>
    <artifact classifier='osgi.bundle' id='org.eclipse.core.resources' version='3.7.101.v20120125-1505'>
      <properties size='1'>
        <property name='download.size' value='807241'/>
      </properties>
    </artifact>
    <artifact classifier='osgi.bundle' id='org.apache.commons.codec' version='1.3.0.v201101211617'>
      <properties size='1'>
        <property name='download.size' value='55011'/>
      </properties>
    </artifact>
    <artifact classifier='osgi.bundle' id='org.eclipse.core.runtime' version='3.7.0.v20110110'>
      <properties size='1'>
        <property name='download.size' value='70526'/>
      </properties>
    </artifact>
    <artifact classifier='osgi.bundle' id='org.eclipse.emf.emfstore.client' version='0.9.1.v20120624-1149'>
      <properties size='1'>
        <property name='download.size' value='353195'/>
      </properties>
    </artifact>
    <artifact classifier='osgi.bundle' id='org.eclipse.emf.emfstore.common.model' version='0.9.1.v20120624-1149'>
      <properties size='1'>
        <property name='download.size' value='80144'/>
      </properties>
    </artifact>
    <artifact classifier='osgi.bundle' id='org.eclipse.core.net.win32.x86' version='1.0.100.I20110331-0827'>
      <properties size='1'>
        <property name='download.size' value='29745'/>
      </properties>
    </artifact>
    <artifact classifier='osgi.bundle' id='org.eclipse.core.databinding' version='1.4.0.I20110111-0800'>
      <properties size='1'>
        <property name='download.size' value='200967'/>
      </properties>
    </artifact>
    <artifact classifier='osgi.bundle' id='com.jcraft.jsch' version='0.1.44.v201101211721'>
      <properties size='1'>
        <property name='download.size' value='199127'/>
      </properties>
    </artifact>
    <artifact classifier='osgi.bundle' id='org.eclipse.core.filesystem' version='1.3.100.v20110423-0524'>
      <properties size='1'>
        <property name='download.size' value='53218'/>
      </properties>
    </artifact>
    <artifact classifier='osgi.bundle' id='org.eclipse.ui.forms' version='3.5.101.v20111011-1919'>
      <properties size='1'>
        <property name='download.size' value='300905'/>
      </properties>
    </artifact>
    <artifact classifier='osgi.bundle' id='org.eclipse.ui.workbench' version='3.7.1.v20120104-1859'>
      <properties size='1'>
        <property name='download.size' value='4166247'/>
      </properties>
    </artifact>
    <artifact classifier='osgi.bundle' id='org.eclipse.egit.core' version='1.3.0.201202151440-r'>
      <properties size='1'>
        <property name='download.size' value='297589'/>
      </properties>
    </artifact>
    <artifact classifier='osgi.bundle' id='org.eclipse.equinox.launcher.win32.win32.x86' version='1.1.100.v20110502'>
      <properties size='1'>
        <property name='download.size' value='26093'/>
      </properties>
      <repositoryProperties size='1'>
        <property name='artifact.folder' value='true'/>
      </repositoryProperties>
    </artifact>
    <artifact classifier='osgi.bundle' id='org.eclipse.emf.emfstore.client.model.edit' version='0.9.1.v20120624-1149'>
      <properties size='1'>
        <property name='download.size' value='109543'/>
      </properties>
    </artifact>
    <artifact classifier='osgi.bundle' id='org.eclipse.net4j.util' version='3.1.1.v20111210-0952'>
      <properties size='1'>
        <property name='download.size' value='509068'/>
      </properties>
    </artifact>
    <artifact classifier='osgi.bundle' id='org.eclipse.ui.editors' version='3.7.0.v20110928-1504'>
      <properties size='1'>
        <property name='download.size' value='575722'/>
      </properties>
    </artifact>
    <artifact classifier='osgi.bundle' id='org.eclipse.core.filesystem.win32.x86' version='1.1.300.v20110423-0524'>
      <properties size='1'>
        <property name='download.size' value='30065'/>
      </properties>
    </artifact>
    <artifact classifier='osgi.bundle' id='org.eclipse.emf.cdo.edit' version='4.0.0.v20110528-1844'>
      <properties size='1'>
        <property name='download.size' value='66625'/>
      </properties>
    </artifact>
    <artifact classifier='osgi.bundle' id='org.eclipse.equinox.preferences' version='3.4.2.v20120111-2020'>
      <properties size='1'>
        <property name='download.size' value='113791'/>
      </properties>
    </artifact>
    <artifact classifier='osgi.bundle' id='org.eclipse.equinox.security.win32.x86' version='1.0.200.v20100503'>
      <properties size='1'>
        <property name='download.size' value='22003'/>
      </properties>
    </artifact>
    <artifact classifier='osgi.bundle' id='org.eclipse.emf.emfstore.server' version='0.9.1.v20120624-1149'>
      <properties size='1'>
        <property name='download.size' value='429559'/>
      </properties>
    </artifact>
    <artifact classifier='osgi.bundle' id='org.eclipse.equinox.p2.engine' version='2.1.1.R37x_v20111003'>
      <properties size='1'>
        <property name='download.size' value='184966'/>
      </properties>
    </artifact>
    <artifact classifier='osgi.bundle' id='org.eclipse.emf.validation' version='1.4.0.v20100428-2315'>
      <properties size='1'>
        <property name='download.size' value='384558'/>
      </properties>
    </artifact>
    <artifact classifier='osgi.bundle' id='org.eclipse.emf.databinding' version='1.2.0.v20120130-0943'>
      <properties size='1'>
        <property name='download.size' value='87538'/>
      </properties>
    </artifact>
    <artifact classifier='osgi.bundle' id='org.eclipse.emf.ecp.common.util' version='0.9.1.v20120624-1149'>
      <properties size='1'>
        <property name='download.size' value='12426'/>
      </properties>
    </artifact>
    <artifact classifier='osgi.bundle' id='org.eclipse.emf.cdo.common' version='4.0.1.v20111215-1854'>
      <properties size='1'>
        <property name='download.size' value='409575'/>
      </properties>
    </artifact>
    <artifact classifier='osgi.bundle' id='org.eclipse.swt' version='3.7.2.v3740f'>
      <properties size='1'>
        <property name='download.size' value='17332'/>
      </properties>
    </artifact>
    <artifact classifier='osgi.bundle' id='org.eclipse.emf.ecp.common' version='0.9.1.v20120624-1149'>
      <properties size='1'>
        <property name='download.size' value='97287'/>
      </properties>
    </artifact>
    <artifact classifier='osgi.bundle' id='org.eclipse.core.commands' version='3.6.0.I20110111-0800'>
      <properties size='1'>
        <property name='download.size' value='107303'/>
      </properties>
    </artifact>
    <artifact classifier='osgi.bundle' id='org.apache.commons.logging' version='1.1.1.v201101211721'>
      <properties size='1'>
        <property name='download.size' value='68107'/>
      </properties>
    </artifact>
    <artifact classifier='osgi.bundle' id='org.eclipse.jface.databinding' version='1.5.0.I20100907-0800'>
      <properties size='1'>
        <property name='download.size' value='275458'/>
      </properties>
    </artifact>
    <artifact classifier='osgi.bundle' id='org.eclipse.core.contenttype' version='3.4.100.v20110423-0524'>
      <properties size='1'>
        <property name='download.size' value='91961'/>
      </properties>
    </artifact>
    <artifact classifier='osgi.bundle' id='org.eclipse.core.variables' version='3.2.500.v20110928-1503'>
      <properties size='1'>
        <property name='download.size' value='33061'/>
      </properties>
    </artifact>
    <artifact classifier='osgi.bundle' id='org.junit' version='4.8.2.v4_8_2_v20110321-1705'>
      <properties size='1'>
        <property name='download.size' value='202592'/>
      </properties>
      <repositoryProperties size='1'>
        <property name='artifact.folder' value='true'/>
      </repositoryProperties>
    </artifact>
    <artifact classifier='osgi.bundle' id='org.eclipse.emf.emfstore.perspective' version='0.9.1.v20120624-1149'>
      <properties size='1'>
        <property name='download.size' value='5370'/>
      </properties>
    </artifact>
    <artifact classifier='osgi.bundle' id='org.eclipse.emf.ecp.navigatoreditorbridge' version='0.9.1.v20120624-1149'>
      <properties size='1'>
        <property name='download.size' value='4925'/>
      </properties>
    </artifact>
    <artifact classifier='osgi.bundle' id='org.eclipse.jface' version='3.7.0.v20110928-1505'>
      <properties size='1'>
        <property name='download.size' value='1077135'/>
      </properties>
    </artifact>
    <artifact classifier='osgi.bundle' id='org.eclipse.net4j.util.ui' version='3.1.0.v20110607-1031'>
      <properties size='1'>
        <property name='download.size' value='198894'/>
      </properties>
    </artifact>
    <artifact classifier='osgi.bundle' id='org.eclipse.core.expressions' version='3.4.300.v20110228'>
      <properties size='1'>
        <property name='download.size' value='86992'/>
      </properties>
    </artifact>
    <artifact classifier='osgi.bundle' id='org.eclipse.core.runtime.compatibility.auth' version='3.2.200.v20110110'>
      <properties size='1'>
        <property name='download.size' value='22838'/>
      </properties>
    </artifact>
    <artifact classifier='osgi.bundle' id='org.eclipse.jface.text' version='3.7.2.v20111213-1208'>
      <properties size='1'>
        <property name='download.size' value='981513'/>
      </properties>
    </artifact>
    <artifact classifier='osgi.bundle' id='org.eclipse.equinox.registry' version='3.5.101.R37x_v20110810-1611'>
      <properties size='1'>
        <property name='download.size' value='183035'/>
      </properties>
    </artifact>
    <artifact classifier='osgi.bundle' id='org.eclipse.equinox.p2.metadata.repository' version='1.2.0.v20110815-1419'>
      <properties size='1'>
        <property name='download.size' value='115721'/>
      </properties>
    </artifact>
    <artifact classifier='osgi.bundle' id='org.eclipse.text' version='3.5.101.v20110928-1504'>
      <properties size='1'>
        <property name='download.size' value='248183'/>
      </properties>
    </artifact>
    <artifact classifier='osgi.bundle' id='org.eclipse.emf.emfstore.examplemodel' version='0.9.0'>
      <properties size='1'>
        <property name='download.size' value='35266'/>
      </properties>
    </artifact>
    <artifact classifier='osgi.bundle' id='org.eclipse.core.databinding.property' version='1.4.0.I20110222-0800'>
      <properties size='1'>
        <property name='download.size' value='167964'/>
      </properties>
    </artifact>
    <artifact classifier='osgi.bundle' id='org.eclipse.help' version='3.5.100.v20110426'>
      <properties size='1'>
        <property name='download.size' value='257403'/>
      </properties>
    </artifact>
    <artifact classifier='osgi.bundle' id='org.eclipse.emf.ecp.navigator' version='0.9.1.v20120624-1149'>
      <properties size='1'>
        <property name='download.size' value='64811'/>
      </properties>
    </artifact>
    <artifact classifier='osgi.bundle' id='org.eclipse.core.databinding.observable' version='1.4.0.I20110222-0800'>
      <properties size='1'>
        <property name='download.size' value='296139'/>
      </properties>
    </artifact>
  </artifacts>
</repository>
